id;name;email;phone;address
1;worthy;Garnet28@hotmail.com;1-506-731-9141;since solidly as
2;deceivingly more westernize;Arthur.Ruecker@hotmail.com;(280) 823-5043 x523;jungle
3;commemorate;Eleazar96@hotmail.com;484-277-0055 x840;upon ugly reproach
4;unbearably easily within;Stephan.Rath61@hotmail.com;368-578-6276 x72573;phew ordinary
5;oh;Leila95@hotmail.com;363.981.8322 x3514;judgementally
6;drat vice;Delpha80@yahoo.com;446.295.0893 x698;a quintessential
7;like;Domenico18@gmail.com;1-383-767-3661;whose lanky
8;but over zowie;Mya_Cummerata95@hotmail.com;1-799-833-2641 x824;likable thump boo
9;till bah;Samir85@hotmail.com;611.869.5205 x14601;verbally injunction geez
10;afford quietly substantiate;Oran91@yahoo.com;(482) 855-3698 x7295;whereas coil reference
